{
  "relevance": {
    "mean": 0.837278949022293,
    "std": 0.012538811741911361,
    "min": 0.7954222559928894,
    "max": 0.8646625876426697,
    "p25": 0.8290798366069794,
    "p50": 0.8371505439281464,
    "p75": 0.8475824892520905,
    "n": 150
  },
  "factuality": {
    "mean": 0.30549998794992766,
    "std": 0.08329301294227127,
    "min": 0.09559942036867142,
    "max": 0.5418512225151062,
    "p25": 0.2528964504599571,
    "p50": 0.3115338385105133,
    "p75": 0.3580548167228699,
    "n": 150
  },
  "fkgl": {
    "mean": 10.661241763057962,
    "std": 1.8107727967351106,
    "min": 5.6543301435406725,
    "max": 15.443761112009053,
    "p25": 9.656697548100365,
    "p50": 10.591560279263255,
    "p75": 11.843924559889988,
    "n": 150
  },
  "smog": {
    "mean": 12.848746237635494,
    "std": 1.4519024540902916,
    "min": 8.896514948857735,
    "max": 17.223449469078798,
    "p25": 11.949850493041625,
    "p50": 12.827911418992354,
    "p75": 13.674653511226031,
    "n": 150
  },
  "dale_chall": {
    "mean": 11.44265466072236,
    "std": 1.1038089570622733,
    "min": 8.560256588476921,
    "max": 15.32564309623431,
    "p25": 10.71139298586496,
    "p50": 11.468861373085218,
    "p75": 12.181754721336244,
    "n": 150
  }
}