{
  "relevance": {
    "mean": 0.8376057487726212,
    "std": 0.010354716304187953,
    "min": 0.7946699857711792,
    "max": 0.8623902797698975,
    "p25": 0.8319767266511917,
    "p50": 0.8380474150180817,
    "p75": 0.8443940132856369,
    "n": 200
  },
  "factuality": {
    "mean": 0.33986584804952147,
    "std": 0.06167888220423269,
    "min": 0.1916593760251999,
    "max": 0.5166819095611572,
    "p25": 0.2976355254650116,
    "p50": 0.3432800769805908,
    "p75": 0.3811958357691765,
    "n": 200
  },
  "fkgl": {
    "mean": 11.052278971629757,
    "std": 1.2325116533735676,
    "min": 8.30551937984496,
    "max": 16.428841354723712,
    "p25": 10.076216627384053,
    "p50": 11.001191071851789,
    "p75": 11.802889842463248,
    "n": 200
  },
  "smog": {
    "mean": 13.211227911811882,
    "std": 1.0497511077139057,
    "min": 10.88016014743086,
    "max": 18.243605946275583,
    "p25": 12.510616625091593,
    "p50": 13.182391878172165,
    "p75": 13.889693990743737,
    "n": 200
  },
  "dale_chall": {
    "mean": 11.178643435630734,
    "std": 0.7294241324707414,
    "min": 8.207807692307693,
    "max": 13.563314641922343,
    "p25": 10.714524799976402,
    "p50": 11.141485869400421,
    "p75": 11.632950479502464,
    "n": 200
  }
}