{
  "relevance": {
    "mean": 0.8364471832911173,
    "std": 0.010588402848673469,
    "min": 0.8075093626976013,
    "max": 0.8617734909057617,
    "p25": 0.8298694938421249,
    "p50": 0.836941659450531,
    "p75": 0.8441633582115173,
    "n": 150
  },
  "factuality": {
    "mean": 0.3052287645141284,
    "std": 0.06027818518332239,
    "min": 0.16739104688167572,
    "max": 0.5105348229408264,
    "p25": 0.26546908915042877,
    "p50": 0.3077452778816223,
    "p75": 0.3433561623096466,
    "n": 150
  },
  "fkgl": {
    "mean": 10.832673910260288,
    "std": 1.4401752062601392,
    "min": 7.245392156862746,
    "max": 14.610738522954094,
    "p25": 9.786466771883383,
    "p50": 10.757667273964952,
    "p75": 11.91988959116952,
    "n": 150
  },
  "smog": {
    "mean": 13.061879671445034,
    "std": 1.1217447231279052,
    "min": 9.994966539143718,
    "max": 16.45884130781739,
    "p25": 12.318447890911367,
    "p50": 13.031031731312142,
    "p75": 13.869254792809674,
    "n": 150
  },
  "dale_chall": {
    "mean": 11.239927121185817,
    "std": 0.8734377149586625,
    "min": 8.53060638783938,
    "max": 15.290753756381188,
    "p25": 10.619666625325873,
    "p50": 11.189756799704998,
    "p75": 11.73338943822174,
    "n": 150
  }
}