{
  "relevance": {
    "mean": 0.8373867669701576,
    "std": 0.010671518030788986,
    "min": 0.7930805683135986,
    "max": 0.8582648634910583,
    "p25": 0.8314825147390366,
    "p50": 0.8376695215702057,
    "p75": 0.845491573214531,
    "n": 200
  },
  "factuality": {
    "mean": 0.33035351529717444,
    "std": 0.06204734971591722,
    "min": 0.2064858227968216,
    "max": 0.5620982646942139,
    "p25": 0.29001882672309875,
    "p50": 0.32288801670074463,
    "p75": 0.36692581325769424,
    "n": 200
  },
  "fkgl": {
    "mean": 10.73314257296881,
    "std": 1.3052918900604653,
    "min": 7.555938758039069,
    "max": 15.500041469194318,
    "p25": 9.84929746478695,
    "p50": 10.655105590577309,
    "p75": 11.502021196238912,
    "n": 200
  },
  "smog": {
    "mean": 12.990996137271848,
    "std": 1.0747460725644173,
    "min": 10.159378503597868,
    "max": 16.678067442207542,
    "p25": 12.233050456906117,
    "p50": 12.958621849193978,
    "p75": 13.698031422023826,
    "n": 200
  },
  "dale_chall": {
    "mean": 11.330737262152839,
    "std": 0.9882223275276878,
    "min": 8.836467903132808,
    "max": 14.426979710308078,
    "p25": 10.641930412640765,
    "p50": 11.188902931891828,
    "p75": 11.883125903287928,
    "n": 200
  }
}