{
  "relevance": {
    "mean": 0.8362902871200016,
    "std": 0.011878630598847938,
    "min": 0.7614624500274658,
    "max": 0.8641437888145447,
    "p25": 0.8307073563337326,
    "p50": 0.8365218341350555,
    "p75": 0.8425667434930801,
    "n": 140
  },
  "factuality": {
    "mean": 0.3320497559649604,
    "std": 0.06713574515148903,
    "min": 0.19613730907440186,
    "max": 0.720320463180542,
    "p25": 0.2868170738220215,
    "p50": 0.3307120352983475,
    "p75": 0.3688313290476799,
    "n": 140
  },
  "fkgl": {
    "mean": 10.868249172290687,
    "std": 1.1152190889751428,
    "min": 8.573863636363637,
    "max": 14.028656971770747,
    "p25": 10.03250168270904,
    "p50": 10.891397745560948,
    "p75": 11.643061405698793,
    "n": 140
  },
  "smog": {
    "mean": 13.023522606185729,
    "std": 0.9172338318332978,
    "min": 10.875528500678815,
    "max": 15.166007474034249,
    "p25": 12.361479534309705,
    "p50": 13.013800901363622,
    "p75": 13.775642059368163,
    "n": 140
  },
  "dale_chall": {
    "mean": 11.100360625428529,
    "std": 0.7114163631095284,
    "min": 8.54825431498752,
    "max": 14.311966666666669,
    "p25": 10.64432493402984,
    "p50": 11.101963902622778,
    "p75": 11.47943387788779,
    "n": 140
  }
}