{
  "TARGET_RELEVANCE": 0.8533156060654185,
  "TARGET_FACTUALITY": 0.43669187909235124,
  "TARGET_FKGL": 13.62488492474403,
  "TARGET_SMOG": 15.053020159571343,
  "TARGET_DALECHALL": 11.608097465524585
}