{
  "TARGET_RELEVANCE": 0.8530775165093083,
  "TARGET_FACTUALITY": 0.4358569421580707,
  "TARGET_FKGL": 13.618379507267836,
  "TARGET_SMOG": 15.054420921744153,
  "TARGET_DALECHALL": 11.612938714412255
}