{
  "TARGET_RELEVANCE": 0.8556147877064497,
  "TARGET_FACTUALITY": 0.55,
  "TARGET_FKGL": 9.0,
  "TARGET_SMOG": 14.966301121985092,
  "TARGET_DALECHALL": 11.636799137010376,
  "SIGMA_RELEVANCE": 0.0161757063390254,
  "SIGMA_FACTUALITY": 0.12526619493785776,
  "SIGMA_FKGL": 2.0792871299915134,
  "SIGMA_SMOG": 1.687514880335403,
  "SIGMA_DALECHALL": 0.7911146337668364
}