{
  "TARGET_RELEVANCE": 0.8532485355658651,
  "TARGET_FACTUALITY": 0.436305062268641,
  "TARGET_FKGL": 13.707377326431137,
  "TARGET_SMOG": 15.109645137201184,
  "TARGET_DALECHALL": 11.624849636073769
}