{
  "TARGET_RELEVANCE": 0.8529083761774408,
  "TARGET_FACTUALITY": 0.4336474040130652,
  "TARGET_FKGL": 13.613863508253976,
  "TARGET_SMOG": 15.045781736486733,
  "TARGET_DALECHALL": 11.590473092888077
}